{
  "project_info": {
    "project_number": "1096148700994",
    "project_id": "codequizzer-e51e0",
    "storage_bucket": "codequizzer-e51e0.appspot.com"
  },
  "client": [
    {
      "client_info": {
        "mobilesdk_app_id": "1:1096148700994:android:929fb26d5a86e7480442db",
        "android_client_info": {
          "package_name": "com.example.myproject"
        }
      },
      "oauth_client": [],
      "api_key": [
        {
          "current_key": "AIzaSyDvrmuo0C-LBzRbMUn_kWv9OzeCg9b7KP4"
        }
      ],
      "services": {
        "appinvite_service": {
          "other_platform_oauth_client": []
        }
      }
    }
  ],
  "configuration_version": "1"
}